source,target,code
/blog/career-consumer/5-tips-for-enjoying-retirement-and-good-living/,/content-unavailable,301
/blog/career-consumer/9-retirement-myths-cant-afford-believe/,/content-unavailable,301
/blog/career-consumer/real-reasons-youre-not-saving-enough-happy-retirement/,/content-unavailable,301
/blog/career-consumer/21-ways-save-money-still-happy-retirement/,/content-unavailable,301
/blog/career-consumer/9-good-habits-rich-successful-can-adopt-retirement/,/content-unavailable,301
/blog/career-consumer/7-outside-box-retirement-lifestyles-might-want-consider/,/content-unavailable,301
/blog/career-consumer/retire-early-7-things-can-right-now/,/content-unavailable,301
/blog/career-consumer/13-good-side-jobs-consider-retiring/,/content-unavailable,301
/blog/career-consumer/empty-nest-spending-destroy-retirement-fund/,/content-unavailable,301
/blog/faq-c-agent/licensing/,/content-unavailable,301
/blog/faq-c-agent/leads/,/content-unavailable,301
/blog/faq-c-agent/compensation/,/content-unavailable,301
/blog/faq-c-consumer/age/,/content-unavailable,301
/blog/faq-c-consumer/insurancetypes/,/content-unavailable,301
/blog/faq-c-consumer/localagent/,/content-unavailable,301
/blog/faq-amerilife/long-amerilife-business/,/content-unavailable,301
/blog/faq-amerilife/first-amerilife-location/,/content-unavailable,301
/blog/faq-amerilife/who-established-amerilife/,/content-unavailable,301
/blog/faq-amerilife/amerilife-isnt-insurance-company/,/content-unavailable,301
/blog/faq-amerilife/what-does-amerilife-do/,/content-unavailable,301
/blog/faq-amerilife/where-is-amerilife-based/,/content-unavailable,301
/blog/faq-c-consumer/who-are-amerilifes-customers/,/content-unavailable,301
/blog/faq-amerilife/like-work-amerilife-apply/,/content-unavailable,301
/blog/faq-amerilife/benefits-offer-associates/,/content-unavailable,301
/blog/faq-c-consumer/what-does-amerilife-sell/,/content-unavailable,301
/blog/faq-c-consumer/can-reach-agent/,/content-unavailable,301
/blog/faq-c-consumer/go-amerilife-instead-directly-insurance-company/,/content-unavailable,301
/blog/faq-c-consumer/need-help-buying-insurance/,/content-unavailable,301
/blog/faq-c-consumer/can-assist-life-insurance-health-insurance-medicare-supplement-insurance-medicare-advantage-types-coverage/,/content-unavailable,301
/blog/faq-c-consumer/offer-workplace-benefits-employees/,/content-unavailable,301
/blog/faq-c-consumer/id-rather-buy-insurance-online-meet-agent-possible/,/content-unavailable,301
/blog/faq-c-consumer/exactly-amerilife-sell/,/content-unavailable,301
/blog/faq-c-consumer/age-range-customers-serve/,/content-unavailable,301
/blog/faq-c-consumer/many-kinds-insurance-offer/,/content-unavailable,301
/blog/faq-c-agent/amerilife-health-services/,/content-unavailable,301
/blog/faq-c-consumer/go-amerilife-instead-directly-insurance-company-2/,/content-unavailable,301
/blog/faq-c-consumer/will-local-agent/,/content-unavailable,301
/blog/faq-c-consumer/can-service-current-policy/,/content-unavailable,301
/blog/faq-c-consumer/can-assist-regarding-life-insurance-health-insurance-medicare-supplement-insurance-medicare-advantage-types-coverage/,/content-unavailable,301
/blog/faq-c-consumer/prefer-research-buy-insurance-website/,/content-unavailable,301
/blog/faq-c-agent/could-i-become-an-agent/,/content-unavailable,301
/blog/faq-c-agent/how-do-you-pay-agents/,/content-unavailable,301
/blog/faq-c-agent/kind-hours-agents-work/,/content-unavailable,301
/blog/faq-c-agent/describe-typical-day-agent/,/content-unavailable,301
/blog/faq-c-agent/ive-never-sold-anything-will-train/,/content-unavailable,301
/blog/faq-c-agent/what-would-my-start-up-costs-be/,/content-unavailable,301
/blog/faq-c-agent/can-agents-work-part-time/,/content-unavailable,301
/blog/faq-c-agent/amerilife-help-agents-licensing/,/content-unavailable,301
/blog/faq-c-agent/supply-agents-leads/,/content-unavailable,301
/blog/faq-c-agent/agents-eligible-company-benefits/,/content-unavailable,301
/blog/faq-c-agent/products-will-sell/,/content-unavailable,301
/blog/faq-c-agent/career-development-advancement-opportunities/,/content-unavailable,301
/blog/faq-broker/can-use-distribution-sell-products/,/content-unavailable,301
/blog/faq-mergers-and-acquisitions/why-should-i-do-business-with-amerilife/,/content-unavailable,301
/blog/faq-carrier/specialize-senior-market-can-help-enter-market/,/content-unavailable,301
/blog/faq-carrier/premier-carrier-partnership-program/,/content-unavailable,301
/blog/faq-broker/can-amerilife-business/,/content-unavailable,301
/blog/faq-mergers-and-acquisitions/contact-discuss-merger-acquisition/,/content-unavailable,301
/blog/faq-c-consumer/why_have_life_insurance/,/content-unavailable,301
/blog/faq-c-agent/allow-agents-use-series-6-7-licenses/,/content-unavailable,301
/blog/press-release/amerilife-launches-new-corporate-website/,/content-unavailable,301
/blog/career-consumer/value-independent-insurance-agent/,/content-unavailable,301
/blog/career-consumer/missing-added-benefits-work/,/content-unavailable,301
/blog/career-consumer/choose-life-insurance-beneficiary/,/content-unavailable,301
/blog/faq-broker/independent-insurance-agent/,/content-unavailable,301
/blog/career-consumer/life-insurance-online/,/content-unavailable,301
/blog/career-consumer/different-cancer-insurance-policy-types/,/content-unavailable,301
/blog/career-consumer/buying-life-insurance-pre-existing-condition/,/content-unavailable,301
/blog/announcements/amerilife-helps-sponsor-home-for-houston-family-displaced-by-hurricane-harvey/,/content-unavailable,301
/blog/career-consumer/why-leave-your-familys-future-to-chance/,/content-unavailable,301
/blog/career-consumer/answers-life-insurance-questions/,/content-unavailable,301
/blog/career-consumer/time-to-look-at-cancer-insurance/,/content-unavailable,301
/blog/career-consumer/were-busting-three-outdated-myths-about-retirement/,/content-unavailable,301
/blog/career-consumer/life-insurance-as-income-protection/,/content-unavailable,301
/blog/announcements/amerilife-expands-its-reach-into-new-england-with-opening-of-boston-office/,/content-unavailable,301
/blog/career-consumer/we-will-help-you-make-sense-of-original-medicare/,/content-unavailable,301
/blog/career-consumer/do-you-have-a-plan-to-protect-your-family/,/content-unavailable,301
/blog/career-consumer/hospital-indemnity-insurance-safety-net/,/content-unavailable,301
/blog/hurricane-411/all-offices-open/,/content-unavailable,301
/blog/announcements/amerilife-names-matt-graham-vice-president-managed-care-solutions/,/content-unavailable,301
/blog/career-consumer/dental-insurance-can-take-a-bite-out-of-your-mouth-care-costs/,/content-unavailable,301
/blog/career-consumer/retirement-101-for-millennials-because-it-is-not-too-early-to-plan-for-the-future/,/content-unavailable,301
/blog/announcements/amerilife-medicare-advantage-enrollment-up-43-percent/,/content-unavailable,301
/blog/career-consumer/understanding-the-many-ways-a-final-expense-insurance-policy-can-help-your-family/,/content-unavailable,301
/blog/announcements/amerilife-names-patrick-j-fleming-executive-vice-president/,/content-unavailable,301
/blog/announcements/amerilife-white-paper-highlights-macra-2020/,/content-unavailable,301
/blog/announcements/amerilife-direct-and-one-resource-group-partner-to-provide-medicare-advice-and-products/,/content-unavailable,301
/blog/announcements/amerilife-names-scotty-elliott-senior-vice-president-distribution-business-development/,/content-unavailable,301
/blog/announcements/amerilife-honors-mutual-of-omaha-as-first-inductee-in-premier-carrier-program/,/content-unavailable,301
/blog/announcements/brookstone-capital-management-expands-darryl-ronconis-role-naming-him-president-and-chief-operating-officer/,/content-unavailable,301
/blog/announcements/amerilife-groups-acquisition-of-brookstone-capital-management-named-as-one-of-the-largest-ria-ma-deals-in-2019/,/content-unavailable,301
/blog/announcements/amerilife-sponsors-battle-of-the-lawyer-bands-to-benefit-gulfcoast-legal-services/,/content-unavailable,301
/blog/coronavirus-411/amerilife-and-the-coronavirus/,/content-unavailable,301
/blog/coronavirus-411/amerilife-coronavirus-update-preventing-coronavirus-and-other-respiratory-diseases/,/content-unavailable,301
/blog/coronavirus-411/amerilife-coronavirus-update-event-cancellations/,/content-unavailable,301
/blog/coronavirus-411/amerilife-coronavirus-outbreak-update/,/content-unavailable,301
/blog/coronavirus-411/important-coronavirus-update-for-amerilife-agents/,/content-unavailable,301
/blog/coronavirus-411/coronavirus-update-for-associates/,/content-unavailable,301
/blog/coronavirus-411/important-amerilife-coronavirus-update-for-associates/,/content-unavailable,301
/blog/coronavirus-411/coronavirus-update-for-associates-pto-and-unpaid-time-off/,/content-unavailable,301
/blog/coronavirus-411/coronavirus-update-keeping-our-associates-safe/,/content-unavailable,301
/blog/coronavirus-411/coronavirus-update-technology-updates-and-tips-for-working-remote/,/content-unavailable,301
/blog/coronavirus-411/coronavirus-update-for-associates-march-24-2020/,/content-unavailable,301
/blog/coronavirus-411/coronavirus-response-staying-connected-while-working-remote/,/content-unavailable,301
/blog/coronavirus-411/coronavirus-response-office-protocols-update/,/content-unavailable,301
/blog/coronavirus-411/coronavirus-response-reminders-for-career-agents/,/content-unavailable,301
/blog/coronavirus-411/coronavirus-response-an-amerilife-thank-you/,/content-unavailable,301
/blog/coronavirus-411/coronavirus-response-vpn-reminder-and-social-distancing-observations/,/content-unavailable,301
/blog/coronavirus-411/coronavirus-response-dealing-with-stress-and-anxiety/,/content-unavailable,301
/blog/coronavirus-411/is-it-a-cold-the-flu-or-coronavirus/,/content-unavailable,301
/blog/coronavirus-411/coronavirus-response-microsoft-update-and-social-distancing-your-weekend-plans/,/content-unavailable,301
/blog/coronavirus-411/microsoft-update-and-payroll-reminders/,/content-unavailable,301
/blog/coronavirus-411/coronavirus-response-coping-in-a-time-of-uncertainty/,/content-unavailable,301
/blog/coronavirus-411/coronavirus-response-safe-take-out/,/content-unavailable,301
/blog/coronavirus-411/coronavirus-response-beware-of-technology-and-irs-scams/,/content-unavailable,301
/blog/coronavirus-411/new-cdc-guidelines-for-essential-workers-car-insurance-refund-opportunities/,/content-unavailable,301
/blog/coronavirus-411/coronavirus-response-shopping-safely-and-cdc-mask-recommendations/,/content-unavailable,301
/blog/coronavirus-411/coronavirus-response-grief-courtesy-of-the-coronavirus/,/content-unavailable,301
/blog/coronavirus-411/coronavirus-response-doing-our-part-to-slow-the-spread/,/content-unavailable,301
/blog/coronavirus-411/coronavirus-response-irs-stimulus-checks-website-thermometer-basics/,/content-unavailable,301
/blog/coronavirus-411/coronavirus-response-beating-boredom-and-fun-things-to-do-with-kids-while-social-distancing/,/content-unavailable,301
/blog/coronavirus-411/coronavirus-response-important-survey-using-humor-to-cope-with-the-coronavirus/,/content-unavailable,301
/blog/coronavirus-411/coronavirus-response-paycheck-review-supporting-the-health-care-community/,/content-unavailable,301
/blog/coronavirus-411/coronavirus-response-paycheck-review-deadline-amerilife-travel-ban-extension-how-to-properly-wear-a-face-covering/,/content-unavailable,301
/blog/coronavirus-411/coronavirus-response-slow-computer-speeds-managing-your-time-during-quarantine/,/content-unavailable,301
/blog/coronavirus-411/coronavirus-response-helping-children-manage-change-during-the-covid-19-pandemic/,/content-unavailable,301
/blog/coronavirus-411/coronavirus-response-cdc-adds-6-new-covid-19-symptoms-experts-answer-questions-about-the-coronavirus/,/content-unavailable,301
/blog/coronavirus-411/coronavirus-response-the-importance-of-sleep-during-the-coronavirus-pandemic/,/content-unavailable,301
/blog/coronavirus-411/coronavirus-response-debunking-coronavirus-myths/,/content-unavailable,301
/blog/coronavirus-411/coronavirus-response-useful-virtual-tools-for-weekend-fun/,/content-unavailable,301
/blog/coronavirus-411/coronavirus-response-the-coronavirus-and-good-news/,/content-unavailable,301
/blog/coronavirus-411/coronavirus-response-amerilife-place-return-to-the-office-plans-underway/,/content-unavailable,301
/blog/coronavirus-411/coronavirus-response-amerilife-place-return-to-work-protocols/,/content-unavailable,301
/blog/coronavirus-411/coronavirus-response-masks-delivery-update-make-your-own-mask/,/content-unavailable,301
/blog/coronavirus-411/coronavirus-response-assessing-the-risks-of-coronavirus-when-meeting-with-family-and-friends/,/content-unavailable,301
/blog/coronavirus-411/coronavirus-response-covid-questionnaire-update/,/content-unavailable,301
/blog/coronavirus-411/amerilife-place-expanding-work-from-home-opportunity/,/content-unavailable,301
/blog/announcements/a-cap-and-amerilife-launch-new-fixed-indexed-annuity-linked-to-the-credit-suisse-momentum-index/,/content-unavailable,301
/blog/idea-articles/develop-good-listening-skills-to-be-a-better-insurance-agent/,/content-unavailable,301
/blog/xchange-articles/e-signatures-let-agents-continue-to-sell-during-covid/,/content-unavailable,301
/blog/xchange-articles/make-your-own-wellbeing-a-priority-to-avoid-burnout/,/content-unavailable,301
/blog/xchange-articles/the-fight-against-cybercrime-is-everyones-responsibility/,/content-unavailable,301
/blog/announcements/amerilife-acquires-forward-strategies-insurance-brokerage/,/content-unavailable,301
/blog/xchange-articles/life-insurance-awareness-boosted-by-covid-19-concerns/,/content-unavailable,301
/blog/xchange-articles/share-your-power-with-a-blood-donation/,/content-unavailable,301
/blog/coronavirus-411/amerilife-place-covid-19-protocols/,/content-unavailable,301
/blog/announcements/amerilife-partners-with-senior-resource-group/,/content-unavailable,301
/blog/announcements/amerilife-names-andrew-sheen-svp-of-business-development-and-integration/,/content-unavailable,301
/blog/xchange-articles/ten-steps-toward-being-better-organized/,/content-unavailable,301
/blog/coronavirus-411/amerilife-place-visitor-policy-reminder/,/content-unavailable,301
/blog/idea-articles/set-your-goals-for-2021/,/content-unavailable,301
/blog/idea-articles/how-to-make-new-years-resolutions-that-will-actually-last/,/content-unavailable,301
/blog/idea-articles/how-to-keep-going-when-youre-tired-of-covid-19/,/content-unavailable,301
/blog/coronavirus-411/amerilife-covid-19-protocols-for-work-environment-and-positive-test-results/,/content-unavailable,301
/blog/announcements/new-year-brings-changes-for-the-equita-group/,/content-unavailable,301
/blog/announcements/amerilife-announces-chief-of-staff-for-executive-team/,/content-unavailable,301
/blog/announcements/amerilife-acquires-dfs-marketing/,/content-unavailable,301
/blog/announcements/amerilife-announces-svp-of-strategy-and-innovation/,/content-unavailable,301
/blog/announcements/amerilife-names-david-paul-national-sales-director-simplified-issue-life/,/content-unavailable,301
/blog/announcements/amerilife-promotes-kelly-atkinson-to-senior-vice-president-brand-management-creative-services/,/content-unavailable,301
/blog/announcements/mark-springett-joins-amerilife-as-senior-vice-president-enterprise-data-and-analytics/,/content-unavailable,301
/blog/announcements/amerilife-welcomes-bob-yates-as-vice-president-distribution-analytics-and-data/,/content-unavailable,301
/blog/announcements/amerilife-announces-2020-premier-carrier-program-inductees/,/content-unavailable,301
/blog/coronavirus-411/amerilife-place-continuing-amerilife-covid-protocols/,/content-unavailable,301
/blog/announcements/rhonda-fenner-joins-amerilife-as-senior-vice-president-operations-transformation/,/content-unavailable,301
/blog/announcements/greg-etchison-joins-amerilife-as-vice-president-medicare-supplement-and-specialty-health/,/content-unavailable,301
/blog/announcements/brad-shelton-joins-amerilife-as-svp-product-innovation/,/content-unavailable,301
/blog/announcements/amerilife-to-acquire-saybrus-partners-from-nassau-financial-group/,/content-unavailable,301
/blog/announcements/amerilife-and-prosperity-life-group-launch-new-medicare-supplement-insurance-offering/,/content-unavailable,301
/blog/announcements/amerilife-appoints-ford-stokes-senior-vice-president-annuity-marketing/,/content-unavailable,301
/blog/announcements/amerilife-welcomes-jim-palmer-as-president-direct-to-consumer/,/content-unavailable,301
/blog/announcements/amerilifes-senior-market-advisors-enters-strategic-partnership-with-mullen-insurance-services/,/content-unavailable,301
