slug,live_form_id,headless_form_id,source_url,single_line_address,map_search_url
"alabama",31,31,"https://amerilife.com/alabama/","3800 Colonnade Parkway, Suite 540, Birmingham, AL 35243","https://www.google.com/maps/search/?api=1&query=3800%20Colonnade%20Parkway%2C%20Suite%20540%2C%20Birmingham%2C%20AL%2035243"
"arizona",31,31,"https://amerilife.com/arizona/","4515 S McClintock Dr. Suite 116, Tempe, AZ 85281","https://www.google.com/maps/search/?api=1&query=4515%20S%20McClintock%20Dr.%20Suite%20116%2C%20Tempe%2C%20AZ%2085281"
"asheville",31,31,"https://amerilife.com/asheville/","2367 Hendersonville Road, Arden, NC 28704","https://www.google.com/maps/search/?api=1&query=2367%20Hendersonville%20Road%2C%20Arden%2C%20NC%2028704"
"atlanta",31,31,"https://amerilife.com/atlanta/","Hightower Center 8300 Dunwoody Place, Suite 150, Sandy Springs, GA 30350","https://www.google.com/maps/search/?api=1&query=Hightower%20Center%208300%20Dunwoody%20Place%2C%20Suite%20150%2C%20Sandy%20Springs%2C%20GA%2030350"
"brevard",31,31,"https://amerilife.com/brevard/","3945 W Eau Gallie Blvd, Suite 108, Melbourne, FL 32934","https://www.google.com/maps/search/?api=1&query=3945%20W%20Eau%20Gallie%20Blvd%2C%20Suite%20108%2C%20Melbourne%2C%20FL%2032934"
"california",31,31,"https://amerilife.com/california/","380 S. Melrose Dr., Suite 306, Vista, CA 92081","https://www.google.com/maps/search/?api=1&query=380%20S.%20Melrose%20Dr.%2C%20Suite%20306%2C%20Vista%2C%20CA%2092081"
"cary",31,31,"https://amerilife.com/cary/","2051 Renaissance Park Place, Suite 209, Cary, NC 27513","https://www.google.com/maps/search/?api=1&query=2051%20Renaissance%20Park%20Place%2C%20Suite%20209%2C%20Cary%2C%20NC%2027513"
"charleston",31,31,"https://amerilife.com/charleston/","4975 Lacross Road, North Charleston, SC 29406","https://www.google.com/maps/search/?api=1&query=4975%20Lacross%20Road%2C%20North%20Charleston%2C%20SC%2029406"
"charlotte",31,31,"https://amerilife.com/charlotte/","1988 Kings Hwy, Port Charlotte, FL 33980","https://www.google.com/maps/search/?api=1&query=1988%20Kings%20Hwy%2C%20Port%20Charlotte%2C%20FL%2033980"
"citrus",31,31,"https://amerilife.com/citrus/","217 E Highland Blvd., Inverness, FL 34452","https://www.google.com/maps/search/?api=1&query=217%20E%20Highland%20Blvd.%2C%20Inverness%2C%20FL%2034452"
"clearwater",31,31,"https://amerilife.com/clearwater/","2650 McCormick Drive, Clearwater, FL 33759","https://www.google.com/maps/search/?api=1&query=2650%20McCormick%20Drive%2C%20Clearwater%2C%20FL%2033759"
"dallas",31,31,"https://amerilife.com/dallas/","1333 Corporate Dr, Suite 310, Irving, TX 75038","https://www.google.com/maps/search/?api=1&query=1333%20Corporate%20Dr%2C%20Suite%20310%2C%20Irving%2C%20TX%2075038"
"florida-west-palm-beach",31,31,"https://amerilife.com/florida/","1475 Centrepark Blvd, Suite 205, West Palm Beach, FL 33401","https://www.google.com/maps/search/?api=1&query=1475%20Centrepark%20Blvd%2C%20Suite%20205%2C%20West%20Palm%20Beach%2C%20FL%2033401"
"florida-fort-lauderdale",31,31,"https://amerilife.com/florida/","800 West Cypress Creek Road, Suite 530, Fort Lauderdale, FL 33309","https://www.google.com/maps/search/?api=1&query=800%20West%20Cypress%20Creek%20Road%2C%20Suite%20530%2C%20Fort%20Lauderdale%2C%20FL%2033309"
"georgia",31,31,"https://amerilife.com/georgia/","303 Corporate Center Dr., Stockbridge, GA 30281","https://www.google.com/maps/search/?api=1&query=303%20Corporate%20Center%20Dr.%2C%20Stockbridge%2C%20GA%2030281"
"greensboro",31,31,"https://amerilife.com/greensboro/","5509-B W. Friendly Ave Suite 304, Greensboro, NC 27410","https://www.google.com/maps/search/?api=1&query=5509-B%20W.%20Friendly%20Ave%20Suite%20304%2C%20Greensboro%2C%20NC%2027410"
"gulfcoast",31,31,"https://amerilife.com/gulfcoast/","4960 Fruitville Road, Sarasota, FL 34232","https://www.google.com/maps/search/?api=1&query=4960%20Fruitville%20Road%2C%20Sarasota%2C%20FL%2034232"
"hernando",31,31,"https://amerilife.com/hernando/","Timber Pines Centre, 2705 Forest Rd, Spring Hill, FL 34606","https://www.google.com/maps/search/?api=1&query=Timber%20Pines%20Centre%2C%202705%20Forest%20Rd%2C%20Spring%20Hill%2C%20FL%2034606"
"highland-village",31,31,"https://amerilife.com/highland-village/","2840 Village Parkway, Suite 120, Highland Village, TX 75077","https://www.google.com/maps/search/?api=1&query=2840%20Village%20Parkway%2C%20Suite%20120%2C%20Highland%20Village%2C%20TX%2075077"
"kissimmee",31,31,"https://amerilife.com/kissimmee/","8681 W Irlo Bronson Memorial Hwy, Kissimmee, FL 34747","https://www.google.com/maps/search/?api=1&query=8681%20W%20Irlo%20Bronson%20Memorial%20Hwy%2C%20Kissimmee%2C%20FL%2034747"
"kissimmee-satellite",31,31,"https://amerilife.com/kissimmee-satellite/","8681 W Irlo Bronson Memorial Hwy, Suite 129, Kissimmee, FL 34747","https://www.google.com/maps/search/?api=1&query=8681%20W%20Irlo%20Bronson%20Memorial%20Hwy%2C%20Suite%20129%2C%20Kissimmee%2C%20FL%2034747"
"lakeland-satellite",31,31,"https://amerilife.com/lakeland-satellite/","909 E Parker St, Lakeland, FL 33801","https://www.google.com/maps/search/?api=1&query=909%20E%20Parker%20St%2C%20Lakeland%2C%20FL%2033801"
"macon",31,31,"https://amerilife.com/macon/","161 Gateway Dr., Suite B, Macon, GA 31210","https://www.google.com/maps/search/?api=1&query=161%20Gateway%20Dr.%2C%20Suite%20B%2C%20Macon%2C%20GA%2031210"
"mansfield",31,31,"https://amerilife.com/mansfield/","235 NE Loop 820 Ste 100, Hurst, TX 76053","https://www.google.com/maps/search/?api=1&query=235%20NE%20Loop%20820%20Ste%20100%2C%20Hurst%2C%20TX%2076053"
"marion",31,31,"https://amerilife.com/marion/","8960 S W Hwy 200, Suite 1, Ocala, FL 34481","https://www.google.com/maps/search/?api=1&query=8960%20S%20W%20Hwy%20200%2C%20Suite%201%2C%20Ocala%2C%20FL%2034481"
"mckinney",31,31,"https://amerilife.com/mckinney/","5900 South Lake Forest Drive #260, McKinney, TX 75070","https://www.google.com/maps/search/?api=1&query=5900%20South%20Lake%20Forest%20Drive%20%23260%2C%20McKinney%2C%20TX%2075070"
"the-northeast",31,31,"https://amerilife.com/the-northeast/","33 Boston Post Rd West, Suite 350, Marlborough, MA 01752","https://www.google.com/maps/search/?api=1&query=33%20Boston%20Post%20Rd%20West%2C%20Suite%20350%2C%20Marlborough%2C%20MA%2001752"
"ormond-beach",31,31,"https://amerilife.com/ormond-beach/","1450 N US HWY 1, Suite 600, Ormond Beach, FL 32174","https://www.google.com/maps/search/?api=1&query=1450%20N%20US%20HWY%201%2C%20Suite%20600%2C%20Ormond%20Beach%2C%20FL%2032174"
"pensacola",31,31,"https://amerilife.com/pensacola/","125 W Romana St, Suite 203, Pensacola, FL 32502","https://www.google.com/maps/search/?api=1&query=125%20W%20Romana%20St%2C%20Suite%20203%2C%20Pensacola%2C%20FL%2032502"
"polk-county",31,31,"https://amerilife.com/polk-county/","6322 Cypress Gardens Blvd., Winter Haven, FL 33884","https://www.google.com/maps/search/?api=1&query=6322%20Cypress%20Gardens%20Blvd.%2C%20Winter%20Haven%2C%20FL%2033884"
"rhode-island",31,31,"https://amerilife.com/rhode-island/","235 NE Loop 820 Ste 100, Hurst, TX 76053","https://www.google.com/maps/search/?api=1&query=235%20NE%20Loop%20820%20Ste%20100%2C%20Hurst%2C%20TX%2076053"
"rockwall",31,31,"https://amerilife.com/rockwall/","55 Noble Court, Suite 100, Heath, TX 75032","https://www.google.com/maps/search/?api=1&query=55%20Noble%20Court%2C%20Suite%20100%2C%20Heath%2C%20TX%2075032"
"sarasota",31,31,"https://amerilife.com/sarasota/","3479 Precision Dr., Suite 116, North Venice, FL 34275","https://www.google.com/maps/search/?api=1&query=3479%20Precision%20Dr.%2C%20Suite%20116%2C%20North%20Venice%2C%20FL%2034275"
"sebring",31,31,"https://amerilife.com/sebring/","115 US Hwy 27 North, Sebring, FL 33870","https://www.google.com/maps/search/?api=1&query=115%20US%20Hwy%2027%20North%2C%20Sebring%2C%20FL%2033870"
"sebring-satellite",31,31,"https://amerilife.com/sebring-satellite/","115 US Hwy 27 North, Sebring, FL 33870","https://www.google.com/maps/search/?api=1&query=115%20US%20Hwy%2027%20North%2C%20Sebring%2C%20FL%2033870"
"suncoast",31,31,"https://amerilife.com/suncoast/","5155 Deer Park Drive Unit A2, New Port Richey, FL 34653","https://www.google.com/maps/search/?api=1&query=5155%20Deer%20Park%20Drive%20Unit%20A2%2C%20New%20Port%20Richey%2C%20FL%2034653"
"tennessee",31,31,"https://amerilife.com/tennessee/","1210 Premier Drive, Suite 140, Chattanooga, TN 37421","https://www.google.com/maps/search/?api=1&query=1210%20Premier%20Drive%2C%20Suite%20140%2C%20Chattanooga%2C%20TN%2037421"
"texas-irving",31,31,"https://amerilife.com/texas/","1333 Corporate Dr, Suite 310, Irving, TX 75038","https://www.google.com/maps/search/?api=1&query=1333%20Corporate%20Dr%2C%20Suite%20310%2C%20Irving%2C%20TX%2075038"
"texas-hurst",31,31,"https://amerilife.com/texas/","235 NE Loop 820, Suite 100, Hurst, TX 76053","https://www.google.com/maps/search/?api=1&query=235%20NE%20Loop%20820%2C%20Suite%20100%2C%20Hurst%2C%20TX%2076053"
"texas-mckinney",31,31,"https://amerilife.com/texas/","5900 South Lake Forest #260, McKinney, TX 75070","https://www.google.com/maps/search/?api=1&query=5900%20South%20Lake%20Forest%20%23260%2C%20McKinney%2C%20TX%2075070"
"texas-mansfield",31,31,"https://amerilife.com/texas/","1900 Matlock Road, Suite 800A, Mansfield, TX 76063","https://www.google.com/maps/search/?api=1&query=1900%20Matlock%20Road%2C%20Suite%20800A%2C%20Mansfield%2C%20TX%2076063"
"texas-highland-village",31,31,"https://amerilife.com/texas/","2840 Village Parkway, Suite 120, Highland Village, TX 75077","https://www.google.com/maps/search/?api=1&query=2840%20Village%20Parkway%2C%20Suite%20120%2C%20Highland%20Village%2C%20TX%2075077"
"texas-heath",31,31,"https://amerilife.com/texas/","55 Noble Court, Suite 100, Heath, TX 75032","https://www.google.com/maps/search/?api=1&query=55%20Noble%20Court%2C%20Suite%20100%2C%20Heath%2C%20TX%2075032"
"virginia",31,31,"https://amerilife.com/virginia/","3090 Electric Rd., Roanoke, VA 24018","https://www.google.com/maps/search/?api=1&query=3090%20Electric%20Rd.%2C%20Roanoke%2C%20VA%2024018"
"wilmington",31,31,"https://amerilife.com/wilmington/","1410 Commonwealth Drive, Suite 103-B, Wilmington, NC 28403","https://www.google.com/maps/search/?api=1&query=1410%20Commonwealth%20Drive%2C%20Suite%20103-B%2C%20Wilmington%2C%20NC%2028403"
"tampabay",31,31,"https://amerilife.com/tampabay/","330 Pauls Dr., Suite #110, Brandon, FL 33511","https://www.google.com/maps/search/?api=1&query=330%20Pauls%20Dr.%2C%20Suite%20%23110%2C%20Brandon%2C%20FL%2033511"
"eastpasco",31,31,"https://amerilife.com/eastpasco/","35364 State Road 54, Zephyrhills, FL 33541","https://www.google.com/maps/search/?api=1&query=35364%20State%20Road%2054%2C%20Zephyrhills%2C%20FL%2033541"
"lakecounty",31,31,"https://amerilife.com/lakecounty/","9800 US-441 #101, Leesburg, FL 34788","https://www.google.com/maps/search/?api=1&query=9800%20US-441%20%23101%2C%20Leesburg%2C%20FL%2034788"
"southcarolina",31,31,"https://amerilife.com/southcarolina/","420 The Parkway, Suite F, Greer, SC 29650","https://www.google.com/maps/search/?api=1&query=420%20The%20Parkway%2C%20Suite%20F%2C%20Greer%2C%20SC%2029650"
"northcarolina",31,31,"https://amerilife.com/northcarolina/","11016 Rushmore Dr. Ste.175, Charlotte, NC 28277","https://www.google.com/maps/search/?api=1&query=11016%20Rushmore%20Dr.%20Ste.175%2C%20Charlotte%2C%20NC%2028277"
"sarabay",31,31,"https://amerilife.com/sarabay/","5540 E State Rd 64, Suite 200, Bradenton, FL 34208","https://www.google.com/maps/search/?api=1&query=5540%20E%20State%20Rd%2064%2C%20Suite%20200%2C%20Bradenton%2C%20FL%2034208"
"leecounty",31,31,"https://amerilife.com/leecounty/","12195 Metro Parkway, Suite 4, Ft Myers, FL 33966","https://www.google.com/maps/search/?api=1&query=12195%20Metro%20Parkway%2C%20Suite%204%2C%20Ft%20Myers%2C%20FL%2033966"
"centralflorida",31,31,"https://amerilife.com/centralflorida/","631 South Orlando Ave, Suite 104, Winter Park, FL 32789","https://www.google.com/maps/search/?api=1&query=631%20South%20Orlando%20Ave%2C%20Suite%20104%2C%20Winter%20Park%2C%20FL%2032789"
"indianriver",31,31,"https://amerilife.com/indianriver/","1961 SW Park Place Suite 201, Vero Beach, FL 32966","https://www.google.com/maps/search/?api=1&query=1961%20SW%20Park%20Place%20Suite%20201%2C%20Vero%20Beach%2C%20FL%2032966"
"stpetersburg",31,31,"https://amerilife.com/stpetersburg/","3831 Tyrone Blvd., Suite 203, St Petersburg, FL 33709","https://www.google.com/maps/search/?api=1&query=3831%20Tyrone%20Blvd.%2C%20Suite%20203%2C%20St%20Petersburg%2C%20FL%2033709"
"northflorida",31,31,"https://amerilife.com/northflorida/","8081 Philips Highway, Suite 10, Jacksonville, FL 32256","https://www.google.com/maps/search/?api=1&query=8081%20Philips%20Highway%2C%20Suite%2010%2C%20Jacksonville%2C%20FL%2032256"
"southflorida",31,31,"https://amerilife.com/southflorida/","3625 NW 82nd Ave, Suite 401, Doral, FL 33166","https://www.google.com/maps/search/?api=1&query=3625%20NW%2082nd%20Ave%2C%20Suite%20401%2C%20Doral%2C%20FL%2033166"
"winstonsalem",31,31,"https://amerilife.com/winstonsalem/","4375 Silas Creek Parkway, Winston-Salem, NC 27104","https://www.google.com/maps/search/?api=1&query=4375%20Silas%20Creek%20Parkway%2C%20Winston-Salem%2C%20NC%2027104"
"polk",31,31,"https://amerilife.com/polk/","6322 Cypress Gardens Blvd., Winter Haven, FL 33884","https://www.google.com/maps/search/?api=1&query=6322%20Cypress%20Gardens%20Blvd.%2C%20Winter%20Haven%2C%20FL%2033884"
"debary",31,31,"https://amerilife.com/debary/","275 S Charles Richard Beall Blvd, Suite 108, Debary, FL 33884","https://www.google.com/maps/search/?api=1&query=275%20S%20Charles%20Richard%20Beall%20Blvd%2C%20Suite%20108%2C%20Debary%2C%20FL%2033884"
