kind,agency_slug,parent_slug,officeName,pageTitle,phone,hours,address_line1,address_line2,city,state,zip,singleLineAddress,mapSearchUrl,sourceUrl,cmsStatus,locationLabel,notes,liveFormId,headlessFormId,officeImageUrl,needsReview,agent_count
single,alabama,,"AmeriLife of Alabama, LLC","AmeriLife of Alabama, LLC",(205) 874-9138,Monday-Friday 8am-5pm,"3800 Colonnade Parkway, Suite 540",,Birmingham,AL,35243,"3800 Colonnade Parkway, Suite 540, Birmingham, AL 35243",https://www.google.com/maps/search/?api=1&query=3800%20Colonnade%20Parkway%2C%20Suite%20540%2C%20Birmingham%2C%20AL%2035243,https://amerilife.com/alabama/,Active,Find an Agent – Alabama (Birmingham),,31,31,https://headlessameril.wpenginepowered.com/wp-content/uploads/2023/04/AML-Wealth-II-Announcement-040532023-HERO-1024x358-1.png,,1
single,arizona,,"AmeriLife of Arizona, LLC","AmeriLife of Arizona, LLC",,Monday-Friday 7am-3pm,4515 S McClintock Dr. Suite 116,,Tempe,AZ,85281,"4515 S McClintock Dr. Suite 116, Tempe, AZ 85281",https://www.google.com/maps/search/?api=1&query=4515%20S%20McClintock%20Dr.%20Suite%20116%2C%20Tempe%2C%20AZ%2085281,https://amerilife.com/arizona/,Active,Find an Agent – Arizona (Tempe),,31,31,https://headlessameril.wpenginepowered.com/wp-content/uploads/2023/04/AML-Wealth-II-Announcement-040532023-HERO-1024x358-1.png,missing_phone,1
single,asheville,,"AmeriLife of Asheville, LLC","AmeriLife of Asheville, LLC",(800) 249-1477,Monday-Friday 8am-5pm,2367 Hendersonville Road,,Arden,NC,28704,"2367 Hendersonville Road, Arden, NC 28704",https://www.google.com/maps/search/?api=1&query=2367%20Hendersonville%20Road%2C%20Arden%2C%20NC%2028704,https://amerilife.com/asheville/,Active,Find an Agent – Asheville NC,,31,31,https://headlessameril.wpenginepowered.com/wp-content/uploads/2023/04/AML-Wealth-II-Announcement-040532023-HERO-1024x358-1.png,,1
single,atlanta,,"AmeriLife of Atlanta, LLC","AmeriLife of Atlanta, LLC",(770) 993-5706,Monday-Friday 8am-5pm,"Hightower Center 8300 Dunwoody Place, Suite 150",,Sandy Springs,GA,30350,"Hightower Center 8300 Dunwoody Place, Suite 150, Sandy Springs, GA 30350",https://www.google.com/maps/search/?api=1&query=Hightower%20Center%208300%20Dunwoody%20Place%2C%20Suite%20150%2C%20Sandy%20Springs%2C%20GA%2030350,https://amerilife.com/atlanta/,Active,Find an Agent – Atlanta GA (Sandy Springs),,31,31,https://headlessameril.wpenginepowered.com/wp-content/uploads/2023/04/AML-Wealth-II-Announcement-040532023-HERO-1024x358-1.png,,1
single,brevard,,"AmeriLife of Brevard County, LLC","AmeriLife of Brevard County, LLC",(321) 951-1111,Monday-Friday 8am-5pm,"3945 W Eau Gallie Blvd, Suite 108",,Melbourne,FL,32934,"3945 W Eau Gallie Blvd, Suite 108, Melbourne, FL 32934",https://www.google.com/maps/search/?api=1&query=3945%20W%20Eau%20Gallie%20Blvd%2C%20Suite%20108%2C%20Melbourne%2C%20FL%2032934,https://amerilife.com/brevard/,Active,Find an Agent – Brevard County FL (Melbourne),,31,31,https://headlessameril.wpenginepowered.com/wp-content/uploads/2023/04/AML-Wealth-II-Announcement-040532023-HERO-1024x358-1.png,,1
single,california,,"AmeriLife of California, LLC","AmeriLife of California, LLC",(760) 517-6002,Monday-Friday 8am-5pm,380 S. Melrose Dr.,Suite 306,Vista,CA,92081,"380 S. Melrose Dr., Suite 306, Vista, CA 92081",https://www.google.com/maps/search/?api=1&query=380%20S.%20Melrose%20Dr.%2C%20Suite%20306%2C%20Vista%2C%20CA%2092081,https://amerilife.com/california/,Active,Find an Agent – California (Vista),,31,31,https://headlessameril.wpenginepowered.com/wp-content/uploads/2023/04/AML-Wealth-II-Announcement-040532023-HERO-1024x358-1.png,,1
single,cary,,"AmeriLife of Greensboro, LLC – Cary","AmeriLife of Greensboro, LLC – Cary",,Monday-Friday 8am-5pm,"2051 Renaissance Park Place, Suite 209",,Cary,NC,27513,"2051 Renaissance Park Place, Suite 209, Cary, NC 27513",https://www.google.com/maps/search/?api=1&query=2051%20Renaissance%20Park%20Place%2C%20Suite%20209%2C%20Cary%2C%20NC%2027513,https://amerilife.com/cary/,Active,Find an Agent – Cary NC (Satellite – Greensboro),,31,31,https://headlessameril.wpenginepowered.com/wp-content/uploads/2023/04/AML-Wealth-II-Announcement-040532023-HERO-1024x358-1.png,missing_phone,1
single,charleston,,"AmeriLife of Charleston County, LLC","AmeriLife of Charleston County, LLC",,Monday-Friday 8am-5pm,4975 Lacross Road,,North Charleston,SC,29406,"4975 Lacross Road, North Charleston, SC 29406",https://www.google.com/maps/search/?api=1&query=4975%20Lacross%20Road%2C%20North%20Charleston%2C%20SC%2029406,https://amerilife.com/charleston/,Active,Find an Agent – Charleston County SC,,31,31,https://headlessameril.wpenginepowered.com/wp-content/uploads/2023/04/AML-Wealth-II-Announcement-040532023-HERO-1024x358-1.png,missing_phone,1
single,charlotte,,"AmeriLife of Charlotte County, LLC","AmeriLife of Charlotte County, LLC",(941) 743-2522,Monday-Friday 8am-5pm,1988 Kings Hwy,,Port Charlotte,FL,33980,"1988 Kings Hwy, Port Charlotte, FL 33980",https://www.google.com/maps/search/?api=1&query=1988%20Kings%20Hwy%2C%20Port%20Charlotte%2C%20FL%2033980,https://amerilife.com/charlotte/,Active,Find an Agent – Charlotte County FL (Port Charlotte),,31,31,https://headlessameril.wpenginepowered.com/wp-content/uploads/2023/04/AML-Wealth-II-Announcement-040532023-HERO-1024x358-1.png,,1
single,citrus,,"AmeriLife of Citrus County, LLC","AmeriLife of Citrus County, LLC",,Monday-Friday 8am-5pm,217 E Highland Blvd.,,Inverness,FL,34452,"217 E Highland Blvd., Inverness, FL 34452",https://www.google.com/maps/search/?api=1&query=217%20E%20Highland%20Blvd.%2C%20Inverness%2C%20FL%2034452,https://amerilife.com/citrus/,Active,Find an Agent – Citrus County FL (Inverness),,31,31,https://headlessameril.wpenginepowered.com/wp-content/uploads/2023/04/AML-Wealth-II-Announcement-040532023-HERO-1024x358-1.png,missing_phone,1
single,clearwater,,"AmeriLife of Clearwater, LLC","AmeriLife of Clearwater, LLC",,Monday-Friday 8am-5pm,2650 McCormick Drive,,Clearwater,FL,33759,"2650 McCormick Drive, Clearwater, FL 33759",https://www.google.com/maps/search/?api=1&query=2650%20McCormick%20Drive%2C%20Clearwater%2C%20FL%2033759,https://amerilife.com/clearwater/,Active,Find an Agent – Clearwater FL,,31,31,https://headlessameril.wpenginepowered.com/wp-content/uploads/2023/04/AML-Wealth-II-Announcement-040532023-HERO-1024x358-1.png,missing_phone,1
single,dallas,,"AmeriLife of Dallas Texas, LLC","AmeriLife of Dallas Texas, LLC",(972) 550-7259,Monday-Friday 8am-5pm,"1333 Corporate Dr, Suite 310",,Irving,TX,75038,"1333 Corporate Dr, Suite 310, Irving, TX 75038",https://www.google.com/maps/search/?api=1&query=1333%20Corporate%20Dr%2C%20Suite%20310%2C%20Irving%2C%20TX%2075038,https://amerilife.com/dallas/,Inactive,Find an Agent – Dallas TX (Irving) [INACTIVE],Marked inactive in CMS,31,31,https://headlessameril.wpenginepowered.com/wp-content/uploads/2023/04/AML-Wealth-II-Announcement-040532023-HERO-1024x358-1.png,,1
sub,florida-west-palm-beach,florida,AmeriLife of Florida Market — West Palm Beach,AmeriLife of Florida Market — West Palm Beach,(561) 615-9164,Monday-Friday 8 am-5 pm,"1475 Centrepark Blvd, Suite 205",,West Palm Beach,FL,33401,"1475 Centrepark Blvd, Suite 205, West Palm Beach, FL 33401",https://www.google.com/maps/search/?api=1&query=1475%20Centrepark%20Blvd%2C%20Suite%20205%2C%20West%20Palm%20Beach%2C%20FL%2033401,https://amerilife.com/florida/,Active,Find an Agent – Florida (West Palm Beach / Ft Lauderdale),,31,31,https://headlessameril.wpenginepowered.com/wp-content/uploads/2023/04/AML-Wealth-II-Announcement-040532023-HERO-1024x358-1.png,,1
sub,florida-fort-lauderdale,florida,AmeriLife of Florida Market — Fort Lauderdale,AmeriLife of Florida Market — Fort Lauderdale,(954) 772-2143,Monday-Friday 8 am-5 pm,"800 West Cypress Creek Road, Suite 530",,Fort Lauderdale,FL,33309,"800 West Cypress Creek Road, Suite 530, Fort Lauderdale, FL 33309",https://www.google.com/maps/search/?api=1&query=800%20West%20Cypress%20Creek%20Road%2C%20Suite%20530%2C%20Fort%20Lauderdale%2C%20FL%2033309,https://amerilife.com/florida/,Active,Find an Agent – Florida (West Palm Beach / Ft Lauderdale),,31,31,https://headlessameril.wpenginepowered.com/wp-content/uploads/2023/04/AML-Wealth-II-Announcement-040532023-HERO-1024x358-1.png,,1
single,georgia,,"AmeriLife of Georgia, LLC","AmeriLife of Georgia, LLC",,Monday-Friday 8am-5pm,303 Corporate Center Dr.,,Stockbridge,GA,30281,"303 Corporate Center Dr., Stockbridge, GA 30281",https://www.google.com/maps/search/?api=1&query=303%20Corporate%20Center%20Dr.%2C%20Stockbridge%2C%20GA%2030281,https://amerilife.com/georgia/,Active,Find an Agent – Georgia (Stockbridge),,31,31,https://headlessameril.wpenginepowered.com/wp-content/uploads/2023/04/AML-Wealth-II-Announcement-040532023-HERO-1024x358-1.png,missing_phone,1
single,greensboro,,"AmeriLife of Greensboro, LLC","AmeriLife of Greensboro, LLC",(800) 854-6131,Monday-Friday 8am-5pm,5509-B W. Friendly Ave Suite 304,,Greensboro,NC,27410,"5509-B W. Friendly Ave Suite 304, Greensboro, NC 27410",https://www.google.com/maps/search/?api=1&query=5509-B%20W.%20Friendly%20Ave%20Suite%20304%2C%20Greensboro%2C%20NC%2027410,https://amerilife.com/greensboro/,Active,Find an Agent – Greensboro NC,,31,31,https://headlessameril.wpenginepowered.com/wp-content/uploads/2023/04/AML-Wealth-II-Announcement-040532023-HERO-1024x358-1.png,,1
single,gulfcoast,,"AmeriLife of Gulfcoast, LLC","AmeriLife of Gulfcoast, LLC",(888) 663-4698,Monday-Friday 8am-5pm,4960 Fruitville Road,,Sarasota,FL,34232,"4960 Fruitville Road, Sarasota, FL 34232",https://www.google.com/maps/search/?api=1&query=4960%20Fruitville%20Road%2C%20Sarasota%2C%20FL%2034232,https://amerilife.com/gulfcoast/,Active,Find an Agent – Gulfcoast FL (Sarasota),,31,31,https://headlessameril.wpenginepowered.com/wp-content/uploads/2023/04/AML-Wealth-II-Announcement-040532023-HERO-1024x358-1.png,,1
single,hernando,,"AmeriLife of Hernando County, LLC","AmeriLife of Hernando County, LLC",(352) 684-0727,Monday-Friday 8am-5pm,Timber Pines Centre,2705 Forest Rd,Spring Hill,FL,34606,"Timber Pines Centre, 2705 Forest Rd, Spring Hill, FL 34606",https://www.google.com/maps/search/?api=1&query=Timber%20Pines%20Centre%2C%202705%20Forest%20Rd%2C%20Spring%20Hill%2C%20FL%2034606,https://amerilife.com/hernando/,Active,Find an Agent – Hernando County FL (Spring Hill),,31,31,https://headlessameril.wpenginepowered.com/wp-content/uploads/2023/04/AML-Wealth-II-Announcement-040532023-HERO-1024x358-1.png,,1
single,highland-village,,"AmeriLife of Highland Village Texas, LLC","AmeriLife of Highland Village Texas, LLC",(469) 405-8880,Monday-Friday 8am-5pm,"2840 Village Parkway, Suite 120",,Highland Village,TX,75077,"2840 Village Parkway, Suite 120, Highland Village, TX 75077",https://www.google.com/maps/search/?api=1&query=2840%20Village%20Parkway%2C%20Suite%20120%2C%20Highland%20Village%2C%20TX%2075077,https://amerilife.com/highland-village/,Active,Find an Agent – Highland Village TX,,31,31,https://headlessameril.wpenginepowered.com/wp-content/uploads/2023/04/AML-Wealth-II-Announcement-040532023-HERO-1024x358-1.png,,1
single,kissimmee,,"AmeriLife of Polk County, LLC – Kissimmee","AmeriLife of Polk County, LLC – Kissimmee",,Monday-Friday 8 am-5 pm,8681 W Irlo Bronson Memorial Hwy,,Kissimmee,FL,34747,"8681 W Irlo Bronson Memorial Hwy, Kissimmee, FL 34747",https://www.google.com/maps/search/?api=1&query=8681%20W%20Irlo%20Bronson%20Memorial%20Hwy%2C%20Kissimmee%2C%20FL%2034747,https://amerilife.com/kissimmee/,Active,Find an Agent – Kissimmee FL,,31,31,https://headlessameril.wpenginepowered.com/wp-content/uploads/2023/04/AML-Wealth-II-Announcement-040532023-HERO-1024x358-1.png,missing_phone,1
single,kissimmee-satellite,,"AmeriLife of Polk County, LLC – Kissimmee","AmeriLife of Polk County, LLC – Kissimmee",(407) 778-1557,Monday-Friday 8am-5pm,8681 W Irlo Bronson Memorial Hwy,Suite 129,Kissimmee,FL,34747,"8681 W Irlo Bronson Memorial Hwy, Suite 129, Kissimmee, FL 34747",https://www.google.com/maps/search/?api=1&query=8681%20W%20Irlo%20Bronson%20Memorial%20Hwy%2C%20Suite%20129%2C%20Kissimmee%2C%20FL%2034747,https://amerilife.com/kissimmee-satellite/,Active,Find an Agent – Kissimmee Satellite (Polk County),New template,31,31,https://headlessameril.wpenginepowered.com/wp-content/uploads/2023/04/AML-Wealth-II-Announcement-040532023-HERO-1024x358-1.png,,1
single,lakeland-satellite,,"AmeriLife of Polk County, LLC – Lakeland","AmeriLife of Polk County, LLC – Lakeland",(407) 778-1557,Monday-Friday 8am-5pm,909 E Parker St,,Lakeland,FL,33801,"909 E Parker St, Lakeland, FL 33801",https://www.google.com/maps/search/?api=1&query=909%20E%20Parker%20St%2C%20Lakeland%2C%20FL%2033801,https://amerilife.com/lakeland-satellite/,Active,Find an Agent – Lakeland Satellite (Polk County),New template,31,31,https://headlessameril.wpenginepowered.com/wp-content/uploads/2023/04/AML-Wealth-II-Announcement-040532023-HERO-1024x358-1.png,,1
single,macon,,"AmeriLife of Georgia, LLC – Macon","AmeriLife of Georgia, LLC – Macon",(478) 475-7828,Monday-Friday 8am-5pm,161 Gateway Dr.,Suite B,Macon,GA,31210,"161 Gateway Dr., Suite B, Macon, GA 31210",https://www.google.com/maps/search/?api=1&query=161%20Gateway%20Dr.%2C%20Suite%20B%2C%20Macon%2C%20GA%2031210,https://amerilife.com/macon/,Active,Find an Agent – Macon GA,,31,31,https://headlessameril.wpenginepowered.com/wp-content/uploads/2023/04/AML-Wealth-II-Announcement-040532023-HERO-1024x358-1.png,,1
single,mansfield,,"AmeriLife of Mansfield Texas, LLC","AmeriLife of Mansfield Texas, LLC",,Monday-Friday 8am-5pm,235 NE Loop 820 Ste 100,,Hurst,TX,76053,"235 NE Loop 820 Ste 100, Hurst, TX 76053",https://www.google.com/maps/search/?api=1&query=235%20NE%20Loop%20820%20Ste%20100%2C%20Hurst%2C%20TX%2076053,https://amerilife.com/mansfield/,Active,Find an Agent – Mansfield TX,,31,31,https://headlessameril.wpenginepowered.com/wp-content/uploads/2023/04/AML-Wealth-II-Announcement-040532023-HERO-1024x358-1.png,missing_phone,1
single,marion,,"AmeriLife of Marion County, LLC","AmeriLife of Marion County, LLC",(352) 854-3031,Monday-Friday 8am-5pm,"8960 S W Hwy 200, Suite 1",,Ocala,FL,34481,"8960 S W Hwy 200, Suite 1, Ocala, FL 34481",https://www.google.com/maps/search/?api=1&query=8960%20S%20W%20Hwy%20200%2C%20Suite%201%2C%20Ocala%2C%20FL%2034481,https://amerilife.com/marion/,Active,Find an Agent – Marion County FL (Ocala),,31,31,https://headlessameril.wpenginepowered.com/wp-content/uploads/2023/04/AML-Wealth-II-Announcement-040532023-HERO-1024x358-1.png,,1
single,mckinney,,"AmeriLife of McKinney Texas, LLC","AmeriLife of McKinney Texas, LLC",(469) 640-1028,Monday-Friday 8am-5pm,5900 South Lake Forest Drive #260,,McKinney,TX,75070,"5900 South Lake Forest Drive #260, McKinney, TX 75070",https://www.google.com/maps/search/?api=1&query=5900%20South%20Lake%20Forest%20Drive%20%23260%2C%20McKinney%2C%20TX%2075070,https://amerilife.com/mckinney/,Inactive,Find an Agent – McKinney TX [INACTIVE],Marked inactive in CMS,31,31,https://headlessameril.wpenginepowered.com/wp-content/uploads/2023/04/AML-Wealth-II-Announcement-040532023-HERO-1024x358-1.png,,1
single,the-northeast,,"AmeriLife of the Northeast, LLC","AmeriLife of the Northeast, LLC",(508) 251-0916,Monday-Friday 8am-5pm,"33 Boston Post Rd West, Suite 350",,Marlborough,MA,01752,"33 Boston Post Rd West, Suite 350, Marlborough, MA 01752",https://www.google.com/maps/search/?api=1&query=33%20Boston%20Post%20Rd%20West%2C%20Suite%20350%2C%20Marlborough%2C%20MA%2001752,https://amerilife.com/the-northeast/,Active,Find an Agent – Northeast (Marlborough MA),,31,31,https://headlessameril.wpenginepowered.com/wp-content/uploads/2023/04/AML-Wealth-II-Announcement-040532023-HERO-1024x358-1.png,,1
single,ormond-beach,,"AmeriLife of Brevard County, LLC – Ormond Beach","AmeriLife of Brevard County, LLC – Ormond Beach",(800) 230-2864,Monday-Friday 8am-5pm,"1450 N US HWY 1, Suite 600",,Ormond Beach,FL,32174,"1450 N US HWY 1, Suite 600, Ormond Beach, FL 32174",https://www.google.com/maps/search/?api=1&query=1450%20N%20US%20HWY%201%2C%20Suite%20600%2C%20Ormond%20Beach%2C%20FL%2032174,https://amerilife.com/ormond-beach/,Active,Find an Agent – Ormond Beach FL,,31,31,https://headlessameril.wpenginepowered.com/wp-content/uploads/2023/04/AML-Wealth-II-Announcement-040532023-HERO-1024x358-1.png,,1
single,pensacola,,"AmeriLife of Florida, LLC – Pensacola","AmeriLife of Florida, LLC – Pensacola",(850) 741-2514,Monday-Friday 8am-5pm,"125 W Romana St, Suite 203",,Pensacola,FL,32502,"125 W Romana St, Suite 203, Pensacola, FL 32502",https://www.google.com/maps/search/?api=1&query=125%20W%20Romana%20St%2C%20Suite%20203%2C%20Pensacola%2C%20FL%2032502,https://amerilife.com/pensacola/,Active,Find an Agent – Pensacola FL,,31,31,https://headlessameril.wpenginepowered.com/wp-content/uploads/2023/04/AML-Wealth-II-Announcement-040532023-HERO-1024x358-1.png,,1
single,polk-county,,"AmeriLife of Polk County, LLC","AmeriLife of Polk County, LLC",(863) 291-4111,Monday-Friday 8am-5pm,6322 Cypress Gardens Blvd.,,Winter Haven,FL,33884,"6322 Cypress Gardens Blvd., Winter Haven, FL 33884",https://www.google.com/maps/search/?api=1&query=6322%20Cypress%20Gardens%20Blvd.%2C%20Winter%20Haven%2C%20FL%2033884,https://amerilife.com/polk-county/,Active,Find an Agent – Polk County FL (Winter Haven) – Main,New template,31,31,https://headlessameril.wpenginepowered.com/wp-content/uploads/2023/04/AML-Wealth-II-Announcement-040532023-HERO-1024x358-1.png,,1
single,rhode-island,,"AmeriLife of Rhode Island, LLC","AmeriLife of Rhode Island, LLC",,Monday-Friday 8am-5pm,235 NE Loop 820 Ste 100,,Hurst,TX,76053,"235 NE Loop 820 Ste 100, Hurst, TX 76053",https://www.google.com/maps/search/?api=1&query=235%20NE%20Loop%20820%20Ste%20100%2C%20Hurst%2C%20TX%2076053,https://amerilife.com/rhode-island/,Active,Find an Agent – Rhode Island (Cranston),Not in CMS list,31,31,https://headlessameril.wpenginepowered.com/wp-content/uploads/2023/04/AML-Wealth-II-Announcement-040532023-HERO-1024x358-1.png,missing_phone,1
single,rockwall,,"AmeriLife of Rockwall Texas, LLC","AmeriLife of Rockwall Texas, LLC",(469) 902-9890,Monday-Friday 8am-5pm,"55 Noble Court, Suite 100",,Heath,TX,75032,"55 Noble Court, Suite 100, Heath, TX 75032",https://www.google.com/maps/search/?api=1&query=55%20Noble%20Court%2C%20Suite%20100%2C%20Heath%2C%20TX%2075032,https://amerilife.com/rockwall/,Active,Find an Agent – Rockwall TX,,31,31,https://headlessameril.wpenginepowered.com/wp-content/uploads/2023/04/AML-Wealth-II-Announcement-040532023-HERO-1024x358-1.png,,1
single,sarasota,,"AmeriLife of Sarasota County, LLC","AmeriLife of Sarasota County, LLC",(941) 484-4064,Monday-Friday 8am-5pm,"3479 Precision Dr., Suite 116",,North Venice,FL,34275,"3479 Precision Dr., Suite 116, North Venice, FL 34275",https://www.google.com/maps/search/?api=1&query=3479%20Precision%20Dr.%2C%20Suite%20116%2C%20North%20Venice%2C%20FL%2034275,https://amerilife.com/sarasota/,Active,Find an Agent – Sarasota County FL (North Venice),,31,31,https://headlessameril.wpenginepowered.com/wp-content/uploads/2023/04/AML-Wealth-II-Announcement-040532023-HERO-1024x358-1.png,,1
single,sebring,,"AmeriLife of Polk County, LLC – Sebring","AmeriLife of Polk County, LLC – Sebring",(863) 386-9191,Monday-Friday 8am-5pm,115 US Hwy 27 North,,Sebring,FL,33870,"115 US Hwy 27 North, Sebring, FL 33870",https://www.google.com/maps/search/?api=1&query=115%20US%20Hwy%2027%20North%2C%20Sebring%2C%20FL%2033870,https://amerilife.com/sebring/,Active,Find an Agent – Sebring FL,,31,31,https://headlessameril.wpenginepowered.com/wp-content/uploads/2023/04/AML-Wealth-II-Announcement-040532023-HERO-1024x358-1.png,,1
single,sebring-satellite,,"AmeriLife of Polk County, LLC – Sebring","AmeriLife of Polk County, LLC – Sebring",(863) 386-9191,Monday-Friday 8am-5pm,115 US Hwy 27 North,,Sebring,FL,33870,"115 US Hwy 27 North, Sebring, FL 33870",https://www.google.com/maps/search/?api=1&query=115%20US%20Hwy%2027%20North%2C%20Sebring%2C%20FL%2033870,https://amerilife.com/sebring-satellite/,Active,Find an Agent – Sebring Satellite (Polk County),New template,31,31,https://headlessameril.wpenginepowered.com/wp-content/uploads/2023/04/AML-Wealth-II-Announcement-040532023-HERO-1024x358-1.png,,1
single,suncoast,,"AmeriLife of Suncoast, LLC","AmeriLife of Suncoast, LLC",(727) 378-4770,Monday-Friday 8am-5pm,5155 Deer Park Drive Unit A2,,New Port Richey,FL,34653,"5155 Deer Park Drive Unit A2, New Port Richey, FL 34653",https://www.google.com/maps/search/?api=1&query=5155%20Deer%20Park%20Drive%20Unit%20A2%2C%20New%20Port%20Richey%2C%20FL%2034653,https://amerilife.com/suncoast/,Active,Find an Agent – Suncoast FL (New Port Richey),,31,31,https://headlessameril.wpenginepowered.com/wp-content/uploads/2023/04/AML-Wealth-II-Announcement-040532023-HERO-1024x358-1.png,,2
single,tennessee,,"AmeriLife of Tennessee, LLC","AmeriLife of Tennessee, LLC",,Monday-Friday 8am-5pm,"1210 Premier Drive, Suite 140",,Chattanooga,TN,37421,"1210 Premier Drive, Suite 140, Chattanooga, TN 37421",https://www.google.com/maps/search/?api=1&query=1210%20Premier%20Drive%2C%20Suite%20140%2C%20Chattanooga%2C%20TN%2037421,https://amerilife.com/tennessee/,Active,Find an Agent – Tennessee (Chattanooga),,31,31,https://headlessameril.wpenginepowered.com/wp-content/uploads/2023/04/AML-Wealth-II-Announcement-040532023-HERO-1024x358-1.png,missing_phone,1
sub,texas-irving,texas,AmeriLife of Texas Market — Irving,AmeriLife of Texas Market — Irving,(972) 550-7259,Monday-Friday 8am-5pm,"1333 Corporate Dr, Suite 310",,Irving,TX,75038,"1333 Corporate Dr, Suite 310, Irving, TX 75038",https://www.google.com/maps/search/?api=1&query=1333%20Corporate%20Dr%2C%20Suite%20310%2C%20Irving%2C%20TX%2075038,https://amerilife.com/texas/,Active,Find an Agent – Texas Market (Dallas / Ft Worth / McKinney / Mansfield / Highland Village / Rockwall),,31,31,https://headlessameril.wpenginepowered.com/wp-content/uploads/2023/04/AML-Wealth-II-Announcement-040532023-HERO-1024x358-1.png,,1
sub,texas-hurst,texas,AmeriLife of Texas Market — Hurst,AmeriLife of Texas Market — Hurst,(682) 626-5307,Monday-Friday 8am-5pm,"235 NE Loop 820, Suite 100",,Hurst,TX,76053,"235 NE Loop 820, Suite 100, Hurst, TX 76053",https://www.google.com/maps/search/?api=1&query=235%20NE%20Loop%20820%2C%20Suite%20100%2C%20Hurst%2C%20TX%2076053,https://amerilife.com/texas/,Active,Find an Agent – Texas Market (Dallas / Ft Worth / McKinney / Mansfield / Highland Village / Rockwall),,31,31,https://headlessameril.wpenginepowered.com/wp-content/uploads/2023/04/AML-Wealth-II-Announcement-040532023-HERO-1024x358-1.png,,1
sub,texas-mckinney,texas,AmeriLife of Texas Market — McKinney,AmeriLife of Texas Market — McKinney,(469) 640-1028,Monday-Friday 8am-5pm,5900 South Lake Forest #260,,McKinney,TX,75070,"5900 South Lake Forest #260, McKinney, TX 75070",https://www.google.com/maps/search/?api=1&query=5900%20South%20Lake%20Forest%20%23260%2C%20McKinney%2C%20TX%2075070,https://amerilife.com/texas/,Active,Find an Agent – Texas Market (Dallas / Ft Worth / McKinney / Mansfield / Highland Village / Rockwall),,31,31,https://headlessameril.wpenginepowered.com/wp-content/uploads/2023/04/AML-Wealth-II-Announcement-040532023-HERO-1024x358-1.png,,1
sub,texas-mansfield,texas,AmeriLife of Texas Market — Mansfield,AmeriLife of Texas Market — Mansfield,(817) 225-2994,Monday-Friday 8am-5pm,"1900 Matlock Road, Suite 800A",,Mansfield,TX,76063,"1900 Matlock Road, Suite 800A, Mansfield, TX 76063",https://www.google.com/maps/search/?api=1&query=1900%20Matlock%20Road%2C%20Suite%20800A%2C%20Mansfield%2C%20TX%2076063,https://amerilife.com/texas/,Active,Find an Agent – Texas Market (Dallas / Ft Worth / McKinney / Mansfield / Highland Village / Rockwall),,31,31,https://headlessameril.wpenginepowered.com/wp-content/uploads/2023/04/AML-Wealth-II-Announcement-040532023-HERO-1024x358-1.png,,1
sub,texas-highland-village,texas,AmeriLife of Texas Market — Highland Village,AmeriLife of Texas Market — Highland Village,(469) 405-8880,Monday-Friday 8am-5pm,"2840 Village Parkway, Suite 120",,Highland Village,TX,75077,"2840 Village Parkway, Suite 120, Highland Village, TX 75077",https://www.google.com/maps/search/?api=1&query=2840%20Village%20Parkway%2C%20Suite%20120%2C%20Highland%20Village%2C%20TX%2075077,https://amerilife.com/texas/,Active,Find an Agent – Texas Market (Dallas / Ft Worth / McKinney / Mansfield / Highland Village / Rockwall),,31,31,https://headlessameril.wpenginepowered.com/wp-content/uploads/2023/04/AML-Wealth-II-Announcement-040532023-HERO-1024x358-1.png,,1
sub,texas-heath,texas,AmeriLife of Texas Market — Heath,AmeriLife of Texas Market — Heath,(469) 902-9890,Monday-Friday 8am-5pm,"55 Noble Court, Suite 100",,Heath,TX,75032,"55 Noble Court, Suite 100, Heath, TX 75032",https://www.google.com/maps/search/?api=1&query=55%20Noble%20Court%2C%20Suite%20100%2C%20Heath%2C%20TX%2075032,https://amerilife.com/texas/,Active,Find an Agent – Texas Market (Dallas / Ft Worth / McKinney / Mansfield / Highland Village / Rockwall),,31,31,https://headlessameril.wpenginepowered.com/wp-content/uploads/2023/04/AML-Wealth-II-Announcement-040532023-HERO-1024x358-1.png,,1
single,virginia,,"AmeriLife of Virginia, LLC","AmeriLife of Virginia, LLC",,Monday-Friday 8 am-5 pm,3090 Electric Rd.,,Roanoke,VA,24018,"3090 Electric Rd., Roanoke, VA 24018",https://www.google.com/maps/search/?api=1&query=3090%20Electric%20Rd.%2C%20Roanoke%2C%20VA%2024018,https://amerilife.com/virginia/,Active,Find an Agent – Virginia (Roanoke),,31,31,https://headlessameril.wpenginepowered.com/wp-content/uploads/2023/04/AML-Wealth-II-Announcement-040532023-HERO-1024x358-1.png,missing_phone,1
single,wilmington,,"AmeriLife of Wilmington, LLC","AmeriLife of Wilmington, LLC",(910) 791-8402,Monday-Friday 8am-5pm,"1410 Commonwealth Drive, Suite 103-B",,Wilmington,NC,28403,"1410 Commonwealth Drive, Suite 103-B, Wilmington, NC 28403",https://www.google.com/maps/search/?api=1&query=1410%20Commonwealth%20Drive%2C%20Suite%20103-B%2C%20Wilmington%2C%20NC%2028403,https://amerilife.com/wilmington/,Active,Find an Agent – Wilmington NC,,31,31,https://headlessameril.wpenginepowered.com/wp-content/uploads/2023/04/AML-Wealth-II-Announcement-040532023-HERO-1024x358-1.png,,1
single,tampabay,,"AmeriLife of Tampa Bay, LLC","AmeriLife of Tampa Bay, LLC",(813) 548-7467,Monday-Friday 8am-5pm,330 Pauls Dr.,Suite #110,Brandon,FL,33511,"330 Pauls Dr., Suite #110, Brandon, FL 33511",https://www.google.com/maps/search/?api=1&query=330%20Pauls%20Dr.%2C%20Suite%20%23110%2C%20Brandon%2C%20FL%2033511,https://amerilife.com/tampabay/,Active,Find an Agent – Tampa Bay FL (Brandon),,31,31,https://headlessameril.wpenginepowered.com/wp-content/uploads/2023/04/AML-Wealth-II-Announcement-040532023-HERO-1024x358-1.png,,1
single,eastpasco,,"AmeriLife of East Pasco, LLC","AmeriLife of East Pasco, LLC",,Monday-Friday 8am-5pm,35364 State Road 54,,Zephyrhills,FL,33541,"35364 State Road 54, Zephyrhills, FL 33541",https://www.google.com/maps/search/?api=1&query=35364%20State%20Road%2054%2C%20Zephyrhills%2C%20FL%2033541,https://amerilife.com/eastpasco/,Active,Find an Agent – East Pasco FL (Zephyrhills),,31,31,https://headlessameril.wpenginepowered.com/wp-content/uploads/2023/04/AML-Wealth-II-Announcement-040532023-HERO-1024x358-1.png,missing_phone,1
single,lakecounty,,"AmeriLife of Lake County, LLC","AmeriLife of Lake County, LLC",(352) 460-4505,Monday-Friday 8am-5pm,9800 US-441 #101,,Leesburg,FL,34788,"9800 US-441 #101, Leesburg, FL 34788",https://www.google.com/maps/search/?api=1&query=9800%20US-441%20%23101%2C%20Leesburg%2C%20FL%2034788,https://amerilife.com/lakecounty/,Active,Find an Agent – Lake County FL (Leesburg),Separate from /debary/ (DeBary satellite),31,31,https://headlessameril.wpenginepowered.com/wp-content/uploads/2023/04/AML-Wealth-II-Announcement-040532023-HERO-1024x358-1.png,,1
single,southcarolina,,"AmeriLife of South Carolina, LLC","AmeriLife of South Carolina, LLC",(864) 479-0801,Monday-Friday 8am-5pm,"420 The Parkway, Suite F",,Greer,SC,29650,"420 The Parkway, Suite F, Greer, SC 29650",https://www.google.com/maps/search/?api=1&query=420%20The%20Parkway%2C%20Suite%20F%2C%20Greer%2C%20SC%2029650,https://amerilife.com/southcarolina/,Active,Find an Agent – South Carolina (Greer / Upstate),,31,31,https://headlessameril.wpenginepowered.com/wp-content/uploads/2023/04/AML-Wealth-II-Announcement-040532023-HERO-1024x358-1.png,,1
single,northcarolina,,"AmeriLife of North Carolina, LLC","AmeriLife of North Carolina, LLC",(800) 280-5563,Monday-Friday 8am-5pm,11016 Rushmore Dr. Ste.175,,Charlotte,NC,28277,"11016 Rushmore Dr. Ste.175, Charlotte, NC 28277",https://www.google.com/maps/search/?api=1&query=11016%20Rushmore%20Dr.%20Ste.175%2C%20Charlotte%2C%20NC%2028277,https://amerilife.com/northcarolina/,Active,Find an Agent – North Carolina (Charlotte),,31,31,https://headlessameril.wpenginepowered.com/wp-content/uploads/2023/04/AML-Wealth-II-Announcement-040532023-HERO-1024x358-1.png,,1
single,sarabay,,"AmeriLife of Sara-Bay, LLC","AmeriLife of Sara-Bay, LLC",(941) 753-5688,Monday-Friday 8am-5pm,"5540 E State Rd 64, Suite 200",,Bradenton,FL,34208,"5540 E State Rd 64, Suite 200, Bradenton, FL 34208",https://www.google.com/maps/search/?api=1&query=5540%20E%20State%20Rd%2064%2C%20Suite%20200%2C%20Bradenton%2C%20FL%2034208,https://amerilife.com/sarabay/,Active,Find an Agent – Sara-Bay FL (Bradenton),,31,31,https://headlessameril.wpenginepowered.com/wp-content/uploads/2023/04/AML-Wealth-II-Announcement-040532023-HERO-1024x358-1.png,,1
single,leecounty,,"AmeriLife of Lee County, LLC","AmeriLife of Lee County, LLC",(239) 936-8667,Monday-Friday 8am-5pm,"12195 Metro Parkway, Suite 4",,Ft Myers,FL,33966,"12195 Metro Parkway, Suite 4, Ft Myers, FL 33966",https://www.google.com/maps/search/?api=1&query=12195%20Metro%20Parkway%2C%20Suite%204%2C%20Ft%20Myers%2C%20FL%2033966,https://amerilife.com/leecounty/,Active,Find an Agent – Lee County FL (Fort Myers),,31,31,https://headlessameril.wpenginepowered.com/wp-content/uploads/2023/04/AML-Wealth-II-Announcement-040532023-HERO-1024x358-1.png,,1
single,centralflorida,,"AmeriLife of Central Florida, LLC","AmeriLife of Central Florida, LLC",(407) 629-0261,Monday-Friday 8am-5pm,631 South Orlando Ave,Suite 104,Winter Park,FL,32789,"631 South Orlando Ave, Suite 104, Winter Park, FL 32789",https://www.google.com/maps/search/?api=1&query=631%20South%20Orlando%20Ave%2C%20Suite%20104%2C%20Winter%20Park%2C%20FL%2032789,https://amerilife.com/centralflorida/,Active,Find an Agent – Central Florida (Winter Park),,31,31,https://headlessameril.wpenginepowered.com/wp-content/uploads/2023/04/AML-Wealth-II-Announcement-040532023-HERO-1024x358-1.png,,1
single,indianriver,,"AmeriLife of Indian River County, LLC","AmeriLife of Indian River County, LLC",,Monday-Friday 8am-5pm,1961 SW Park Place Suite 201,,Vero Beach,FL,32966,"1961 SW Park Place Suite 201, Vero Beach, FL 32966",https://www.google.com/maps/search/?api=1&query=1961%20SW%20Park%20Place%20Suite%20201%2C%20Vero%20Beach%2C%20FL%2032966,https://amerilife.com/indianriver/,Active,Find an Agent – Indian River County FL (Port St Lucie / Vero Beach),,31,31,https://headlessameril.wpenginepowered.com/wp-content/uploads/2023/04/AML-Wealth-II-Announcement-040532023-HERO-1024x358-1.png,missing_phone,1
single,stpetersburg,,"AmeriLife of St Petersburg, LLC","AmeriLife of St Petersburg, LLC",(727) 471-0079,Monday-Friday 8am-5pm,"3831 Tyrone Blvd., Suite 203",,St Petersburg,FL,33709,"3831 Tyrone Blvd., Suite 203, St Petersburg, FL 33709",https://www.google.com/maps/search/?api=1&query=3831%20Tyrone%20Blvd.%2C%20Suite%20203%2C%20St%20Petersburg%2C%20FL%2033709,https://amerilife.com/stpetersburg/,Active,Find an Agent – St Petersburg FL,,31,31,https://headlessameril.wpenginepowered.com/wp-content/uploads/2023/04/AML-Wealth-II-Announcement-040532023-HERO-1024x358-1.png,,1
single,northflorida,,"AmeriLife of North Florida, LLC","AmeriLife of North Florida, LLC",(904) 731-0827,Monday-Friday 8am-5pm,"8081 Philips Highway, Suite 10",,Jacksonville,FL,32256,"8081 Philips Highway, Suite 10, Jacksonville, FL 32256",https://www.google.com/maps/search/?api=1&query=8081%20Philips%20Highway%2C%20Suite%2010%2C%20Jacksonville%2C%20FL%2032256,https://amerilife.com/northflorida/,Active,Find an Agent – North Florida (Jacksonville),,31,31,https://headlessameril.wpenginepowered.com/wp-content/uploads/2023/04/AML-Wealth-II-Announcement-040532023-HERO-1024x358-1.png,,1
single,southflorida,,"AmeriLife of South Florida, LLC","AmeriLife of South Florida, LLC",(305) 591-4368,Monday-Friday 8am-5pm,"3625 NW 82nd Ave, Suite 401",,Doral,FL,33166,"3625 NW 82nd Ave, Suite 401, Doral, FL 33166",https://www.google.com/maps/search/?api=1&query=3625%20NW%2082nd%20Ave%2C%20Suite%20401%2C%20Doral%2C%20FL%2033166,https://amerilife.com/southflorida/,Active,Find an Agent – South Florida (Doral),,31,31,https://headlessameril.wpenginepowered.com/wp-content/uploads/2023/04/AML-Wealth-II-Announcement-040532023-HERO-1024x358-1.png,,1
single,winstonsalem,,"AmeriLife of Winston-Salem, LLC","AmeriLife of Winston-Salem, LLC",(800) 322-2593,Monday-Friday 8am-5pm,4375 Silas Creek Parkway,,Winston-Salem,NC,27104,"4375 Silas Creek Parkway, Winston-Salem, NC 27104",https://www.google.com/maps/search/?api=1&query=4375%20Silas%20Creek%20Parkway%2C%20Winston-Salem%2C%20NC%2027104,https://amerilife.com/winstonsalem/,Active,Find an Agent – Winston-Salem NC,,31,31,https://headlessameril.wpenginepowered.com/wp-content/uploads/2023/04/AML-Wealth-II-Announcement-040532023-HERO-1024x358-1.png,,1
single,polk,,"AmeriLife of Polk County, LLC","AmeriLife of Polk County, LLC",(863) 291-4111,Monday-Friday 8am-5pm,6322 Cypress Gardens Blvd.,,Winter Haven,FL,33884,"6322 Cypress Gardens Blvd., Winter Haven, FL 33884",https://www.google.com/maps/search/?api=1&query=6322%20Cypress%20Gardens%20Blvd.%2C%20Winter%20Haven%2C%20FL%2033884,https://amerilife.com/polk/,Active,Find an Agent – Polk County FL (Winter Haven) – Old template,Versión anterior a /polk-county/ (mismo agente Ryan Atkins),31,31,https://headlessameril.wpenginepowered.com/wp-content/uploads/2023/04/AML-Wealth-II-Announcement-040532023-HERO-1024x358-1.png,,1
single,debary,,"AmeriLife of Lake County, LLC","AmeriLife of Lake County, LLC",(386) 516-6947,Monday-Friday 8am-5pm,"275 S Charles Richard Beall Blvd, Suite 108",,Debary,FL,33884,"275 S Charles Richard Beall Blvd, Suite 108, Debary, FL 33884",https://www.google.com/maps/search/?api=1&query=275%20S%20Charles%20Richard%20Beall%20Blvd%2C%20Suite%20108%2C%20Debary%2C%20FL%2033884,https://amerilife.com/debary/,Active,Find an Agent – DeBary FL (Lake County satellite),Satélite de /lakecounty/ – en sitemap,31,31,https://headlessameril.wpenginepowered.com/wp-content/uploads/2023/04/AML-Wealth-II-Announcement-040532023-HERO-1024x358-1.png,,2
